1.59447347464205,1.59781786858265,1.60111582191074,1.60440909728208,1.60769769504129,1.61098162094318,1.6142608874541,1.61753551348061,1.62080552397116,1.62407094939982,1.62733182514249,1.63058819075837,1.63384008919046,1.63708756589962,1.64033066794757,1.64356944304344,1.64680393856889,1.65003420059525,1.65326027290573,1.65648219603408,1.65970000632997,1.66291373505999,1.66612340755177,1.66932904238746,1.67253065065178,1.67572823523902,1.67892179022222,1.6821113002876,1.68529674023663,1.68847807455761,1.6916552570687,1.69482823063366,1.69799692695156,1.70116126642104,1.70432115807934,1.70747649961562,1.71062717745721,1.71377306692643,1.71691403246442,1.72004992791744,1.72318059687917,1.72630587308193,1.72942558082786,1.73253953545042,1.73564754379522,1.73874940470914,1.74184490952586,1.74493384253653,1.74801598143464,1.75109109772526,1.75415895709027,1.75721931970291,1.76027194048724,1.76331656932025,1.76635295117712,1.76938082622221,1.7723999298513,1.77540999269263,1.77841074057619,1.78140189448312,1.78438317048778,1.78735427970683,1.79031492826993,1.79326481732743,1.79620364311014,1.79913109705628,1.80204686601994,1.80495063257459,1.80784207542403,1.81072086993183,1.81358668877864,1.81643920275522,1.81927808169657,1.82210299556122,1.82491361565669,1.82770961601072,1.83049067488503,1.83325647642674,1.8360067124504,1.83874108434197,1.84145930507462,1.84416110132562,1.84684621568235,1.84951440892608,1.85216546238218,1.85479918032641,1.85741539243845,1.86001395629584,1.86259475990365,1.86515772425848,1.86770280594854,1.87022999979556,1.87273934154857,1.8752309106445,1.87770483305615,1.88016128425371,1.88260049231338,1.88502274121333,1.88742837436633,1.88981779844689,1.89219148758164,1.89454998798258,1.89689392311608,1.89922399951415,1.90154101335074,1.90384585792274,1.90613953219501,1.90842315058936,1.91069795422036,1.91296532380499,1.91522679449789,1.91748407292931,1.91973905674532,1.92199385696853,1.92425082350669,1.9265125741305,1.92878202720974,1.93106243842461,1.93335744153345,1.93567109304636,1.9380079202772,1.94037297165179,1.94277186723014,1.94521084599658,1.94769680434996,1.95023731703658,1.952840627,1.95551558351424,1.95827149741252,1.9611178666373,1.96406390252667,1.96711775446522,1.97028528503202,1.97356818918466,1.97696118808463,1.98044799618335,1.98399585844108,1.98754890587819,1.99102174988464,1.99429687155067,1.99723156668841,1.99967911906811
1.59447402876281,1.59788379691232,1.60124587814275,1.60460270620223,1.60795413857371,1.6113000424229,1.61464029622742,1.61797478982061,1.62130342432037,1.62462611194719,1.62794277573737,1.631253349158,1.63455777563183,1.63785600798032,1.6411480077939,1.64443374473841,1.64771319580697,1.65098634452595,1.65425318012396,1.65751369667192,1.66076789220235,1.66401576781556,1.66725732678016,1.67049257363503,1.67372151330022,1.67694415020371,1.68016048743112,1.68337052590606,1.68657426360787,1.68977169483433,1.69296280951642,1.69614759259183,1.69932602344374,1.7024980754103,1.70566371536959,1.70882290340342,1.71197559254182,1.71512172858849,1.71826125002521,1.72139408799168,1.72452016633446,1.72763940171722,1.73075170378207,1.73385697535025,1.73695511264894,1.74004600555016,1.74312953780696,1.74620558727255,1.74927402608853,1.75233472082977,1.75538753259542,1.7584323170379,1.76146892432475,1.76449719903116,1.76751697996463,1.77052809992662,1.77353038541927,1.77652365630873,1.77950772545913,1.7824823983541,1.78544747272424,1.78840273820061,1.79134797601511,1.79428295876891,1.7972074502897,1.80012120559796,1.8030239710012,1.80591548433339,1.80879547535499,1.81166366632679,1.81451977276797,1.81736350440671,1.82019456632834,1.82301266032363,1.82581748643676,1.82860874471003,1.83138613711935,1.83414936969276,1.83689815480162,1.83963221361276,1.84235127868818,1.84505509671867,1.84774343137662,1.85041606627433,1.85307280801425,1.85571348931945,1.85833797223431,1.86094615138783,1.86353795731523,1.86611335983659,1.86867237149558,1.87121505106556,1.87374150713498,1.87625190178969,1.87874645441502,1.88122544564666,1.88368922150595,1.88613819776195,1.88857286456977,1.89099379144234,1.89340163262031,1.89579713291292,1.89818113409023,1.90055458191473,1.9029185339076,1.90527416795006,1.90762279182489,1.90996585380408,1.91230495438574,1.91464185927456,1.91697851368212,1.91931705799388,1.92165984480158,1.92400945722823,1.92636872836638,1.92874076149675,1.93112895053409,1.93353699983588,1.93596894207134,1.93842915223514,1.94092235503593,1.94345362170234,1.94602835060325,1.94865222380157,1.95133112851787,1.95407102815178,1.95687776157174,1.95975674128492,1.96271251015164,1.96574810174648,1.96886413064071,1.97205751585271,1.97531971578238,1.97863433434631,1.98197396823922,1.98529625792892,1.9885393928317,1.9916179976268,1.99442159168816,1.9968194652722,1.99867632889343,1.99987926593288
1.60406315323838,1.60727519694108,1.61044337264318,1.61360784853909,1.61676869174798,1.61992597834898,1.62307979411041,1.62623023363301,1.62937739930342,1.63252140007534,1.63566235009955,1.6388003672264,1.64193557140729,1.64506808302264,1.64819802116479,1.65132550190418,1.6544506365665,1.65757353004682,1.66069427918511,1.66381297122478,1.66692968237352,1.67004447648253,1.67315740385764,1.67626850021238,1.67937778577096,1.68248526452619,1.68559092365494,1.6886947330923,1.69179664526324,1.69489659496941,1.69799449942753,1.70109025845431,1.70418375479232,1.70727485456973,1.71036340788629,1.7134492495167,1.71653219972135,1.71961206515332,1.7226886398492,1.72576170629017,1.72883103651802,1.73189639329025,1.73495753125677,1.73801419814011,1.74106613590073,1.74411308186871,1.7471547698238,1.75019093100646,1.75322129504443,1.75624559078117,1.75926354699515,1.76227489300218,1.76527935913616,1.76827667710744,1.77126658024169,1.77424880360586,1.77722308403162,1.78018916004976,1.78314677175199,1.78609566059938,1.7890355691981,1.7919662410649,1.79488742040551,1.79779885192914,1.80070028072236,1.80359145220437,1.80647211218501,1.80934200704456,1.81220088405312,1.81504849184462,1.81788458105825,1.82070890515762,1.82352122143505,1.82632129220577,1.82910888619414,1.83188378011137,1.83464576042158,1.83739462529132,1.84013018671529,1.84285227280981,1.84556073026435,1.84825542694108,1.85093625461203,1.85360313182396,1.85625600688222,1.85889486094577,1.86151971122785,1.86413061429855,1.86672766948849,1.86931102239491,1.87188086849506,1.87443745687424,1.87698109407908,1.87951214810977,1.88203105256734,1.88453831097523,1.88703450129627,1.88952028066813,1.89199639038133,1.89446366112401,1.89692301851628,1.89937548895433,1.90182220577879,1.90426441577349,1.90670348598851,1.90914091086303,1.91157831959903,1.91401748370274,1.91646032456495,1.91890892089031,1.92136551570445,1.92383252256159,1.92631253043435,1.92880830658487,1.93132279647631,1.93385911947238,1.93642055866628,1.93901054265347,1.94163261637889,1.94429039730363,1.9469875119908,1.94972750673437,1.95251372395717,1.95534913367623,1.95823610624852,1.96117610872587,1.96416930232791,1.96721401269907,1.97030603779656,1.97343775086011,1.97659694909815,1.97976539532352,1.98291700613393,1.98601566999977,1.98901275977723,1.99184459038335,1.99443045355205,1.99667254408881,1.99846005618256,1.999680409339,2.00023928178297,2.00008576671915
1.64977275080733,1.65218039489728,1.65456962568305,1.65696992243364,1.65938083490364,1.66180195350788,1.66423290785877,1.66667336399388,1.66912302137607,1.6715816097127,1.674048885643,1.67652462934433,1.67900864110862,1.68150073793896,1.68400075021454,1.68650851846878,1.68902389032164,1.6915467176016,1.69407685368836,1.69661415110051,1.69915845934729,1.70170962305749,1.70426748039299,1.70683186174934,1.70940258874127,1.71197947346707,1.71456231804204,1.71715091438898,1.71974504427114,1.72234447955131,1.72494898265979,1.72755830725253,1.73017219904022,1.73279039676827,1.73541263332681,1.73803863696936,1.74066813261746,1.74330084322812,1.74593649119921,1.74857479978771,1.75121549451374,1.75385830452342,1.75650296388218,1.75914921277112,1.76179679855834,1.76444547671971,1.76709501158445,1.76974517688462,1.77239575609105,1.77504654252309,1.7776973392249,1.78034795860731,1.7829982218606,1.78564795815065,1.78829700361752,1.79094520020213,1.79359239433286,1.79623843550894,1.79888317482184,1.80152646345903,1.80416815123638,1.80680808520559,1.80944610838271,1.81208205864137,1.81471576781105,1.81734706101644,1.81997575628903,1.82260166447566,1.82522458946336,1.82784432873257,1.83046067424507,1.83307341366642,1.8356823319167,1.83828721303849,1.84088784236576,1.8434840089737,1.84607550838614,1.84866214551499,1.85124373780433,1.85382011855129,1.85639114037564,1.85895667881103,1.86151663599188,1.86407094441191,1.86661957073232,1.8691625196203,1.8716998376007,1.87423161690629,1.87675799931413,1.87927917995719,1.88179541110178,1.88430700588174,1.88681434197995,1.88931786524684,1.89181809324247,1.89431561868589,1.89681111278919,1.89930532844712,1.90179910324338,1.90429336222237,1.90678912035984,1.90928748464619,1.91178965567166,1.91429692857192,1.91681069315486,1.91933243298183,1.9218637231185,1.92440622619882,1.92696168635637,1.92953192046937,1.93211880603077,1.93472426479221,1.93735024112868,1.93999867382659,1.94267145969802,1.94537040706058,1.94809717668043,1.95085320724168,1.95363962176365,1.9564571106179,1.95930578588604,1.96218500072951,1.96509312620914,1.96802727660056,1.97098297273982,1.97395373138899,1.9769305672144,1.97990139306999,1.98285030451049,1.9857567370029,1.98859449130089,1.99133063785182,1.99392434220099,1.99632571347209,1.99847489059369,2.00030178345219,2.00172722403057,2.00266676174201,2.00303876512016,2.00277816248684,2.00185471923987,2.00028956840188
1.88196496700747,1.87932020230222,1.87678756231345,1.87433404161095,1.871960158461,1.86966644581293,1.86745344176265,1.86532168060141,1.86327168344671,1.86130394859014,1.85941894170926,1.85761708609988,1.85589875309002,1.85426425279747,1.85271382538936,1.85124763299376,1.84986575240168,1.84856816868141,1.84735476980906,1.84622534239728,1.84517956858173,1.84421702410121,1.84333717758368,1.84253939102741,1.84182292144538,1.84118692362108,1.84063045390687,1.84015247498127,1.83975186146995,1.83942740632567,1.83917782785626,1.83900177728558,1.83889784673068,1.83886457747828,1.83890046844582,1.83900398471501,1.83917356603039,1.83940763516003,1.83970460602161,1.84006289148347,1.84048091075691,1.84095709630389,1.84148990019217,1.84207779983889,1.84271930309298,1.84341295261716,1.84415732954138,1.84495105637103,1.84579279914615,1.84668126886029,1.84761522216091,1.84859346136633,1.84961483384672,1.85067823082832,1.85178258569101,1.85292687183796,1.85411010022344,1.85533131662975,1.85658959878644,1.85788405342517,1.85921381336071,1.8605780346836,1.86197589414254,1.8634065867856,1.86486932391793,1.86636333142237,1.86788784847612,1.86944212668411,1.87102542963702,1.8726370328897,1.87427622434521,1.87594230501966,1.87763459015497,1.87935241064036,1.88109511469848,1.88286206978887,1.88465266468042,1.88646631164419,1.88830244871947,1.89016054200853,1.89204008795863,1.89394061559374,1.89586168866263,1.8978029076739,1.89976391179197,1.90174438057168,1.90374403551044,1.90576264139852,1.90780000744716,1.90985598817242,1.91193048400884,1.91402344162162,1.91613485387827,1.91826475943161,1.92041324185381,1.92258042824812,1.92476648724798,1.92697162629491,1.9291960880653,1.93144014589102,1.93370409799112,1.9359882602997,1.93829295763789,1.9406185129358,1.94296523416189,1.94533339856081,1.94772323373697,1.9501348950468,1.95256843867746,1.95502378969288,1.95750070421593,1.9599987247896,1.96251712781671,1.96505486181755,1.96761047506716,1.97018203097982,1.97276700939985,1.97536219174053,1.97796352769638,1.98056598105086,1.98316335193812,1.98574807282718,1.98831097553729,1.99084102684507,1.99332503083677,1.99574729728119,1.99808927724562,2.00032917040743,2.00244151374989,2.0043967697575,2.00616094580042,2.00769529844294,2.00895621255584,2.00989540468972,2.01046069738232,2.01059776288604,2.01025344495234,2.0093814704706,2.00795129166094,2.00595981889175,2.00344313640133,2.00048155259456
2.3981640996046,2.38895592979484,2.37992982802924,2.37097284090255,2.36208731765444,2.35327558070041,2.34453992090928,2.33588259616464,2.32730582926109,2.31881180516235,2.31040266767203,2.30208051559048,2.2938473984509,2.28570531194489,2.27765619316086,2.26970191576724,2.2618442852774,2.25408503453204,2.24642581953079,2.23886821573492,2.23141371495054,2.2240637228854,2.21681955745401,2.2096824478853,2.20265353466621,2.1957338703329,2.18892442110094,2.1822260693058,2.17563961660715,2.16916578789425,2.16280523581599,2.1565585458472,2.15042624179387,2.14440879163259,2.13850661357435,2.13272008224016,2.12704953483373,2.12149527719748,2.11605758963873,2.11073673241667,2.10553295078419,2.10044647948474,2.09547754661082,2.09062637673982,2.08589319327255,2.08127821991226,2.07678168123568,2.07240380232336,2.06814480743472,2.06400491773214,2.05998434807969,2.05608330296364,2.05230197160394,2.04864052234799,2.04509909645811,2.04167780142337,2.03837670394167,2.03519582273063,2.03213512133302,2.02919450108609,2.02637379442113,2.02367275865202,2.02109107039894,2.01862832077498,2.01628401144178,2.01405755161496,2.01194825607199,2.00995534418674,2.00807793998529,2.00631507318991,2.00466568119186,2.00312861187083,2.00170262715915,2.00038640723409,1.99917855521059,1.99807760220065,1.99708201260397,1.99619018949669,1.99540047999056,1.99471118044409,1.99412054141772,1.99362677227723,1.99322804536275,1.99292249965299,1.99270824386598,1.99258335894811,1.9925458999106,1.99259389697881,1.99272535602153,1.99293825822812,1.99323055899707,1.99360018599405,1.99404503632796,1.99456297278242,1.99515181902562,1.99580935370693,1.99653330333048,1.99732133377766,1.99817104033216,1.99907993603979,2.00004543821627,2.0010648528949,2.00213535698596,2.00325397789868,2.00441757035752,2.00562279012386,2.00686606431651,2.00814355800721,2.00945113675221,2.01078432471046,2.01213825799145,2.01350763287788,2.0148866485781,2.01626894418906,2.01764752959426,2.01901471009261,2.02036200466026,2.0216800579024,2.02295854597206,2.02418607703837,2.02535008730986,2.02643673419517,2.02743078897145,2.0283155324001,2.02907265818782,2.02968219118474,2.03012242996084,2.03036992724102,2.03039952712458,2.03018448590257,2.02969671497543,2.02890720209441,2.02778669445929,2.02630676932872,2.02444148078167,2.02216985643891,2.01947960256986,2.01637236285432,2.01287050346772,2.00902420393737,2.00491537692775,2.00065296903108
2.8694735582928,2.8613369416132,2.8532527238451,2.84511886391915,2.83693462361482,2.82869934136904,2.82041244249071,2.81207345283437,2.80368201224242,2.79523788757663,2.78674098515955,2.77819136245092,2.76958923879252,2.76093500506836,2.7522292321437,2.74347267796778,2.73466629324808,2.72581122563067,2.71690882234782,2.70796063132242,2.69896840074586,2.68993407717255,2.68085980219824,2.6717479078114,2.66260091052508,2.65342150441238,2.64421255317992,2.63497708142189,2.62571826520164,2.61643942210903,2.60714400093945,2.597835571136,2.58851781212903,2.57919450269762,2.56986951046704,2.56054678164308,2.55123033107071,2.54192423268962,2.53263261044354,2.5233596296844,2.5141094890957,2.50488641314315,2.49569464504431,2.48653844023313,2.47742206028037,2.46834976721727,2.45932581819792,2.45035446042579,2.44143992626299,2.4325864284361,2.4237981552516,2.41507926573633,2.40643388462395,2.39786609711752,2.3893799433706,2.38097941264342,2.37266843710727,2.36445088528749,2.35633055515287,2.34831116687589,2.34039635530322,2.33258966218802,2.32489452824512,2.31731428509542,2.30985214716746,2.30251120362234,2.29529441036172,2.28820458217056,2.28124438503428,2.27441632865799,2.26772275920145,2.2611658522308,2.25474760587589,2.2484698341723,2.24233416055942,2.23634201150165,2.23049461019832,2.22479297034959,2.21923788995009,2.21382994508928,2.2085694837462,2.20345661957627,2.19849122569871,2.19367292850254,2.18900110149903,2.1844748592548,2.18009305144512,2.17585425706864,2.17175677886345,2.16779863796,2.16397756879839,2.16029101432693,2.15673612148563,2.15330973696282,2.15000840319669,2.1468283545768,2.14376551378384,2.14081548819089,2.13797356623658,2.13523471367071,2.1325935695667,2.13004444199414,2.1275813032483,2.12519778454293,2.12288717008874,2.1206423905022,2.11845601551906,2.11632024602495,2.11422690546086,2.11216743071753,2.11013286269821,2.10811383680809,2.10610057372074,2.10408287088148,2.10205009533716,2.09999117863637,2.09789461472913,2.09574846201812,2.09354035098494,2.09125749914607,2.08888673550306,2.08641453716144,2.08382708143575,2.08111031757811,2.0782500633298,2.0752321328966,2.0720425048342,2.06866754093348,2.0650942708794,2.06131076281341,2.05730660789118,2.05307355894152,2.0486063814333,2.04390400140965,2.03897107030536,2.03382010239255,2.02847434150856,2.02297137760692,2.01736704199036,2.0117379781328,2.00617963580428,2.00079587993402
3.09117349294603,3.08547462234585,3.07980521371525,3.07409338433117,3.06833811236626,3.06253837644862,3.05669315782781,3.05080144538021,3.04486224091738,3.03887456471009,3.03283746112858,3.02675000429024,3.02061130359998,3.01442050906661,3.00817681628061,3.00187947094448,2.99552777285663,2.9891210792628,2.98265880750509,2.97614043691666,2.96956550993,2.9629336323874,2.95624447306253,2.94949776242259,2.94269329067913,2.93583090519291,2.92891050731377,2.92193204874902,2.91489552756466,2.90780098393192,2.90064849573709,2.89343817417629,2.88617015945805,2.87884461673617,2.87146173239299,2.86402171078933,2.85652477159218,2.84897114778447,2.84136108445314,2.83369483844204,2.82597267894525,2.81819488910326,2.81036176864978,2.80247363764017,2.79453084127348,2.7865337557993,2.77848279547753,2.77037842053456,2.76222114603333,2.75401155154804,2.74575029150731,2.73743810604372,2.7290758321632,2.72066441502625,2.71220491911496,2.70369853904687,2.69514660978862,2.68655061602092,2.67791220041116,2.66923317056124,2.6605155044161,2.65176135394218,2.64297304691364,2.63415308667757,2.62530414980537,2.61642908157526,2.60753088926962,2.59861273330825,2.5896779162746,2.58072986992519,2.57177214030176,2.56280837109121,2.5538422853994,2.54487766612165,2.53591833510479,2.5269681313044,2.51803088814506,2.50911041029355,2.50021045005342,2.49133468358674,2.48248668716373,2.47366991363522,2.46488766931605,2.45614309146006,2.44743912649937,2.43877850921221,2.430163742975,2.42159708124489,2.41308051040922,2.40461573412809,2.39620415928461,2.38784688364591,2.37954468532491,2.37129801411962,2.36310698479299,2.35497137234248,2.34689060929462,2.33886378504732,2.33088964727064,2.32296660536732,2.31509273598677,2.30726579058202,2.29948320499842,2.29174211108613,2.28403935033641,2.2763714895545,2.26873483859973,2.26112547024752,2.2535392422569,2.24597182176317,2.2384187121576,2.23087528266547,2.22333680089145,2.21579846866807,2.20825546162059,2.20070297295243,2.19313626206209,2.1855507087303,2.17794187377041,2.17030556722456,2.16263792542509,2.15493549854118,2.14719535062078,2.13941517465158,2.13159342585721,2.12372947739594,2.11582380396208,2.10787820069626,2.09989604758239,2.09188263359252,2.08384556089158,2.07579525830877,2.06774564595372,2.05971500948539,2.05172716000602,2.04381296050152,2.03601225270145,2.02837602540588,2.02096815748085,2.01386509212557,2.00715066353566,2.00090358524953
3.16838887270125,3.16420772042572,3.16005638257961,3.1558819723445,3.15168362973842,3.14746047769422,3.14321162075624,3.13893614600963,3.1346331244001,3.1303016123912,3.12594065389242,3.12154928237937,3.11712652311913,3.11267139540892,3.10818291473494,3.10366009476077,3.09910194906083,3.09450749252364,3.08987574236119,3.08520571867532,3.08049644454658,3.07574694562771,3.0709562492393,3.06612338298074,3.06124737288337,3.05632724114476,3.05136200349334,3.04635066624012,3.04129222307971,3.03618565170587,3.03102991030779,3.02582393401258,3.0205666313368,3.01525688070685,3.00989352710383,3.00447537888404,2.99900120482228,2.99346973142101,2.98787964052533,2.98222956728051,2.97651809846739,2.97074377124857,2.96490507235745,2.95900043776061,2.95302825282209,2.94698685299604,2.94087452507039,2.9346895089795,2.9284300001977,2.92209415271752,2.9156800826076,2.90918587213468,2.90260957442318,2.89594921861451,2.88920281547757,2.88236836341204,2.87544385477851,2.86842728248392,2.86131664674894,2.85410996198464,2.84680526371107,2.8394006154583,2.8318941156024,2.82428390410262,2.81656816912269,2.80874515353574,2.80081316132984,2.79277056394699,2.78461580660201,2.77634741463883,2.76796399998812,2.75946426779259,2.75084702326368,2.74211117882582,2.73325576159175,2.72427992119633,2.71518293799527,2.70596423161256,2.6966233697955,2.68716007751109,2.67757424619293,2.66786594302558,2.65803542013411,2.64808312353138,2.63800970166652,2.62781601341372,2.61750313534364,2.60707236812815,2.59652524194552,2.58586352077373,2.57508920548673,2.56420453569918,2.5532119903393,2.54211428696527,2.53091437987722,2.5196154571121,2.50822093644272,2.49673446053262,2.48515989142472,2.47350130456387,2.46176298257015,2.44994940899151,2.43806526227142,2.42611541016948,2.41410490487167,2.40203897902283,2.38992304290764,2.37776268300003,2.36556366209447,2.35333192122873,2.34107358360719,2.32879496073805,2.31650256100938,2.30420310094925,2.29190351944645,2.27961099525387,2.26733296815941,2.25507716429444,2.2428516261623,2.23066474811873,2.21852531823237,2.20644256771305,2.19442622944136,2.18248660759859,2.17063466102907,2.15888210384242,2.14724152798782,2.13572655426907,2.12435202075456,2.11313422110486,2.1020912104297,2.09124320335408,2.08061309818567,2.07022717129604,2.06011599198056,2.05031559481231,2.04086887534405,2.03182696465674,2.02324985937295,2.01520475730234,2.00775973240603,2.00097099617322
3.19241054903223,3.18846997322425,3.18456265500093,3.1806392894952,3.17669962945172,3.17274340107157,3.16877029792346,3.16477997685404,3.16077205420897,3.15674610236302,3.15270164654591,3.14863816193924,3.14455507101212,3.14045174105646,3.13632748188032,3.13218154361667,3.12801311460736,3.12382131932657,3.11960521631443,3.11536379609982,3.1110959791005,3.10680061349839,3.10247647309764,3.09812225518236,3.09373657839885,3.08931798069449,3.08486491735025,3.0803757591477,3.07584879071286,3.07128220907931,3.06667412251122,3.0620225496241,3.05732541883699,3.05258056818462,3.04778574551365,3.04293860908095,3.03803672856779,3.03307758651893,3.02805858021229,3.02297702396219,3.01783015185747,3.01261512093522,3.0073290147907,3.0019688476252,2.99653156873433,2.99101406744101,2.98541317847797,2.97972568782615,2.9739483390146,2.96807783988767,2.96211086984317,2.95604408754316,2.94987413909594,2.94359766670412,2.93721131776991,2.93071175444466,2.92409566360627,2.9173597672445,2.91050083323201,2.90351568645672,2.89640122028968,2.88915440836197,2.881772316623,2.87425211565151,2.8665910931891,2.85878666686247,2.85083639705692,2.84273799989675,2.83448936028043,2.82608854490823,2.81753381522836,2.80882364021489,2.79995670887719,2.79093194238782,2.78174850570343,2.77240581854362,2.76290356558551,2.75324170572865,2.74342048028612,2.7334404199635,2.72330235049843,2.71300739684956,2.70255698584398,2.69195284721694,2.6811970130055,2.67029181528785,2.65923988229191,2.64804413292832,2.63670776983462,2.62523427104689,2.61362738044232,2.60189109712055,2.59002966391213,2.57804755521915,2.56594946440587,2.55374029096562,2.54142512769511,2.52900924810856,2.51649809432169,2.50389726563138,2.49121250800982,2.47844970472369,2.46561486827997,2.45271413389082,2.43975375464103,2.42674009853405,2.41367964758708,2.40057899914184,2.38744486955785,2.37428410045812,2.36110366770531,2.34791069329935,2.33471246040734,2.32151643176329,2.30833027171192,2.29516187221838,2.28201938322803,2.26891124784185,2.2558462428777,2.24283352552605,2.2298826869899,2.21700381423983,2.20420756133896,2.19150523223216,2.17890887749766,2.16643140839709,2.15408673273413,2.14188991868959,2.12985739514605,2.11800720031992,2.1063592950935,2.09493596351391,2.08376233026453,2.07286703177945,2.06228307831485,2.0520489234197,2.04220967951683,2.03281821387702,2.02393542348915,2.01562826452624,2.00796340918021,2.00099492584649
3.18097217060625,3.17668361106525,3.17240929729069,3.16809458354218,3.16373809007655,3.15933842070572,3.15489415918895,3.15040386764565,3.14586608512671,3.14127932633083,3.13664208044823,3.13195281011133,3.12720995043334,3.12241190811863,3.11755706063534,3.11264375544949,3.10767030933013,3.10263500774821,3.09753610440402,3.09237182093201,3.0871403468439,3.08183983978218,3.07646842616492,3.07102420230927,3.06550523612338,3.05990956945588,3.05423522118732,3.04848019113901,3.04264246486207,3.03672001935341,3.03071082972572,3.02461287683632,3.01842415585599,3.01214268573317,3.00576651948375,2.99929375521111,2.99272254773799,2.9860511207101,2.97927777901369,2.97240092133499,2.96541905268028,2.95833079667083,2.95113490742821,2.94383028087218,2.93641596526543,2.92889117085688,2.92125527849703,2.91350784712494,2.90564862005481,2.89767753002156,2.88959470297583,2.88140046065042,2.87309532194996,2.86468000324242,2.8561554176545,2.84752267349178,2.83878307191738,2.82993810403042,2.82098944748657,2.8119389627974,2.80278868943333,2.79354084183743,2.78419780543405,2.77476213268813,2.76523653924004,2.75562390010665,2.74592724590426,2.73614975901469,2.72629476958303,2.71636575120612,2.70636631614701,2.69630020989231,2.68617130485942,2.67598359305853,2.66574117752171,2.65544826232823,2.64510914108049,2.63472818372017,2.62430982161518,2.61385853089643,2.6033788140754,2.59287518002803,2.58235212248494,2.5718140972205,2.56126549818165,2.55071063283953,2.54015369708143,2.52959874998638,2.51904968884333,2.50851022477682,2.49798385934097,2.48747386242904,2.47698325182422,2.46651477468845,2.45607089125151,2.44565376092514,2.43526523102623,2.42490682825361,2.41457975302385,2.40428487673661,2.39402274200884,2.38379356589244,2.37359724607173,2.36343337002656,2.3533012271444,2.34319982377101,2.33312790120421,2.32308395665909,2.31306626726633,2.30307291720746,2.29310182814254,2.28315079314781,2.2732175144529,2.2632996453508,2.25339483675092,2.24350078895715,2.23361530938326,2.22373637707022,2.21386221505111,2.20399137182669,2.19412281348074,2.18425602829415,2.17439114613575,2.16452907544692,2.15467166134646,2.14482186933042,2.13498400032928,2.1251639446561,2.11536948483074,2.10561066065612,2.09590021453862,2.08625414108331,2.07669237218071,2.06723963543028,2.05792652439445,2.04879079985134,2.03987887031302,2.03124721574883,2.02296312470774,2.0151034368119,2.00774920424948,2.00097427180575
3.08468873499186,3.07731746811231,3.06994845844609,3.0624909610008,3.05494578544044,3.04731385895089,3.03959621317212,3.03179397374443,3.02390834942332,3.01594062092212,3.0078921296491,2.99976426651142,2.99155846096247,2.98327617047017,2.97491887058339,2.96648804576948,2.95798518118978,2.94941175557018,2.9407692353114,2.93205906996803,2.92328268920699,2.91444150133448,2.90553689345705,2.89657023331621,2.88754287280819,2.87845615317122,2.86931141179248,2.86010999055637,2.8508532456251,2.84154255851297,2.83217934828735,2.82276508470241,2.81330130204817,2.80378961347605,2.7942317255453,2.78462945272167,2.77498473155181,2.76529963423418,2.75557638131037,2.74581735320955,2.73602510039394,2.72620235187409,2.71635202188937,2.7064772145809,2.6965812265208,2.68666754700122,2.67673985602976,2.66680202002154,2.65685808522224,2.64691226893969,2.63696894870101,2.62703264948938,2.61710802924516,2.60719986284172,2.59731302476483,2.58745247073602,2.57762321852443,2.56783032818917,2.55807888198422,2.54837396414306,2.53872064073938,2.5291239397963,2.51958883178967,2.51012021066319,2.50072287544497,2.4914015125293,2.48216067866297,2.47300478465574,2.46393807981823,2.45496463711935,2.44608833904885,2.43731286416888,2.42864167434079,2.42007800261933,2.41162484181491,2.4032849337344,2.39506075912121,2.38695452832487,2.37896817273757,2.37110333704014,2.36336137230112,2.35574332997034,2.34824995680188,2.34088169073171,2.33363865772193,2.3265206695683,2.31952722265013,2.31265749758418,2.30591035972577,2.29928436044441,2.29277773908558,2.28638842551857,2.28011404315999,2.2739519123568,2.26789905400884,2.26195219331132,2.2561077635003,2.25036190949019,2.2447104913008,2.23914908718207,2.23367299635818,2.22827724132752,2.22295656967339,2.21770545536006,2.21251809951254,2.20738843070474,2.20231010481248,2.19727650452371,2.19228073864217,2.18731564137178,2.182373771831,2.17744741412133,2.17252857836365,2.16760900322678,2.16268016060579,2.15773326327204,2.15275927651728,2.14774893506192,2.14269276680318,2.13758112535745,2.1324042338245,2.1271522427929,2.12181530635457,2.11638368084751,2.11084785226743,2.10519869987264,2.09942770558225,2.09352722151696,2.08749081170505,2.08131368891131,2.07499327415175,2.06852991513681,2.06192781072691,2.05519620044924,2.04835088703048,2.04141615403044,2.03442709217376,2.02743219898209,2.0204957645807,2.01369887132219,2.00713681528141,2.00091007413793
2.7182547599246,2.70799164166147,2.69784534705487,2.68769132085294,2.67753312503332,2.66737442441081,2.65721896759846,2.64707057222246,2.63693311016328,2.626810493018,2.61670665797394,2.60662555427435,2.59657113044298,2.5865473224166,2.57655804271251,2.56660717073259,2.55669854427717,2.54683595231117,2.53702312899295,2.52726374894368,2.51756142370293,2.50791969928555,2.4983420547266,2.48883190147642,2.47939258348707,2.47002737781578,2.46073949556064,2.45153208293908,2.44240822232162,2.43337093304023,2.42442317180487,2.41556783257973,2.40680774579557,2.39814567680185,2.38958432349473,2.38112631309061,2.37277419805108,2.3645304512006,2.35639746011357,2.34837752088062,2.34047283139331,2.33268548431232,2.32501745990388,2.31747061894346,2.31004669589235,2.3027472925529,2.29557387240035,2.28852775577415,2.28161011609014,2.27482197720683,2.26816421204575,2.26163754252906,2.25524254085748,2.24897963211074,2.24284909811227,2.236851082461,2.2309855965978,2.22525252674313,2.2196516415175,2.21418260003724,2.2088449602671,2.20363818740627,2.19856166208822,2.19361468818496,2.18879650002323,2.18410626884351,2.17954310836062,2.17510607931684,2.17079419295329,2.16660641336169,2.16254165871496,2.15859880141064,2.15477666719387,2.15107403335596,2.1474896261292,2.14402211741772,2.14067012101706,2.13743218848148,2.1343068047976,2.13129238401612,2.12838726498022,2.12558970727062,2.12289788746415,2.12030989577621,2.1178237331282,2.11543730865155,2.11314843760943,2.11095483968964,2.10885413759488,2.10684385583456,2.10492141960168,2.10308415360364,2.10132928070355,2.09965392022102,2.09805508573696,2.09652968224536,2.09507450249565,2.09368622237149,2.09236139515514,2.09109644452943,2.0898876561727,2.08873116780391,2.08762295753616,2.08655883039627,2.08553440286705,2.08454508530554,2.08358606208793,2.08265226932885,2.08173837002067,2.08083872644009,2.0799473696739,2.07905796612898,2.07816378091343,2.07725763801305,2.07633187724361,2.07537830804387,2.07438816029466,2.07335203252044,2.07225983806866,2.07110075019119,2.06986314740568,2.06853456113366,2.06710162845937,2.06555005400824,2.06386458652462,2.06202901789442,2.0600262153371,2.05783820160814,2.05544630376277,2.05283139898166,2.04997429702983,2.04685631425497,2.04346011490025,2.03977092277783,2.0357782388679,2.03147823098754,2.02687696812626,2.02199459929463,2.01687030601484,2.01156717222321,2.00617476306365,2.00080544500688
2.15756305021173,2.15172789383044,2.14608685200341,2.14056550312063,2.1351628450453,2.12987771631481,2.12470880489961,2.11965466080458,2.1147137098822,2.10988426869692,2.10516456026551,2.10055273048548,2.09604686505369,2.09164500666977,2.08734517231453,2.08314537039153,2.07904361752218,2.07503795478807,2.07112646322281,2.0673072783653,2.06357860369963,2.05993872282266,2.05638601019801,2.05291894037534,2.04953609557534,2.04623617156408,2.04301798176444,2.03988045957729,2.03682265891064,2.03384375294034,2.03094303115162,2.02811989473553,2.02537385043876,2.02270450298841,2.02011154623489,2.01759475317649,2.0151539650464,2.0127890796586,2.01050003922082,2.00828681783208,2.00614940888671,2.00408781260814,2.00210202393194,2.00019202094978,1.99835775411282,1.99659913637648,1.99491603444631,1.99330826125955,1.99177556980797,1.99031764837577,1.98893411723292,1.98762452678959,1.98638835718275,1.98522501923207,1.98413385667105,1.98311414952985,1.98216511852192,1.98128593026541,1.98047570315572,1.97973351369512,1.97905840308197,1.97844938386381,1.97790544646616,1.97742556542249,1.97700870514806,1.97665382512353,1.97635988437911,1.97612584519873,1.97595067599356,1.97583335332387,1.97577286307871,1.9757682008504,1.97581837156641,1.97592238846363,1.97607927150746,1.97628804537146,1.97654773710127,1.97685737358872,1.97721597897964,1.97762257213033,1.97807616421553,1.9785757565733,1.97912033885283,1.97970888750783,1.98034036465489,1.98101371729109,1.98172787684124,1.98248175898223,1.98327426367093,1.98410427528361,1.9849706627593,1.9858722796267,1.98680796378459,1.98777653689848,1.98877680327128,1.98980754804272,1.99086753456947,1.9919555008362,1.99307015474491,1.99421016812538,1.99537416930357,1.99656073405489,1.99776837475635,1.9989955275334,2.00024053717484,2.00150163956012,2.00277694130874,2.00406439631947,2.00536177881787,2.00666665247405,2.00797633508711,2.00928785825964,2.01059792140411,2.01190283933353,2.01319848259327,2.01448020959062,2.01574278947886,2.01698031465783,2.01818610167627,2.01935257927526,2.02047116232473,2.02153211051167,2.02252437089775,2.02343540396107,2.02425099360351,2.02495504304018,2.02552936079167,2.02595344463728,2.02620427705921,2.02625615449457,2.02608058624708,2.02564631963614,2.024919579389,2.02386465608438,2.02244504578427,2.02062543349827,2.01837491808813,2.01567195299768,2.01251139812675,2.0089135353826,2.00493333910288,2.00066537745212
1.80672251808699,1.80666042249885,1.80664846479984,1.80668516735344,1.80677002187741,1.80690240988763,1.80708161066412,1.80730681008482,1.80757711020861,1.80789153949686,1.80824906355668,1.80864859628272,1.80908901126993,1.80956915336584,1.81008785022854,1.81064392375583,1.81123620125151,1.81186352619723,1.81252476850259,1.81321883411198,1.81394467385461,1.8147012914336,1.81548775046141,1.81630318046148,1.8171467817701,1.81801782928801,1.81891567504704,1.81983974957443,1.82078956205455,1.82176469930521,1.82276482360344,1.82378966941254,1.82483903907869,1.82591279758121,1.82701086643506,1.82813321685723,1.8292798623204,1.83045085062672,1.8316462556422,1.83286616883737,1.83411069078241,1.83537992274476,1.83667395853451,1.83799287673697,1.8393367334628,1.84070555573526,1.84209933561957,1.84351802518337,1.84496153235871,1.84642971775662,1.8479223924638,1.84943931683027,1.85098020023481,1.85254470179481,1.85413243196718,1.8557429549694,1.85737579193364,1.85903042469438,1.86070630009905,1.86240283472473,1.86411941987988,1.86585542676993,1.86761021170813,1.86938312125979,1.87117349721621,1.87298068130676,1.87480401957096,1.87664286632777,1.87849658769581,1.88036456463498,1.88224619549742,1.88414089809161,1.88604811127912,1.88796729613697,1.88989793673025,1.89183954054899,1.89379163866981,1.89575378570686,1.89772555961732,1.89970656142549,1.90169641492473,1.90369476641006,1.90570128448589,1.90771565998268,1.90973760600536,1.91176685812429,1.91380317470706,1.91584633737761,1.91789615157738,1.91995244719257,1.92201507920175,1.92408392828957,1.92615890136463,1.9282399319132,1.93032698011453,1.93242003263846,1.93451910204043,1.93662422566363,1.93873546395115,1.94085289806261,1.94297662667908,1.94510676186654,1.94724342384995,1.9493867345278,1.95153680952833,1.95369374857309,1.95585762386948,1.95802846620015,1.96020624831112,1.96239086512106,1.96458211017754,1.96677964767024,1.96898297917143,1.97119140410731,1.9734039727631,1.97561943038656,1.97783615067035,1.98005205655654,1.98226452591075,1.98447027914975,1.98666524537294,1.98884440294431,1.9910015898091,1.99312927813726,1.99521830722792,1.99725756810551,1.99923363311073,2.00113032443241,2.00292821762709,2.00460408091881,2.00613026049104,2.00747403949422,2.00859702974454,2.00945470910328,2.00999630780342,2.01016539124161,2.00990170098709,2.00914509148221,2.00784263802465,2.00595984701631,2.00349555180148,2.0004964522199
1.66269800648033,1.66507044828052,1.66742905888678,1.66980318529154,1.67219259653211,1.67459699550169,1.67701602377106,1.67944926586705,1.68189625398212,1.68435647306119,1.68682936620772,1.68931434034907,1.69181077209821,1.69431801374702,1.69683539932543,1.69936225065914,1.70189788335946,1.70444161267891,1.70699275916803,1.70955065407157,1.71211464440513,1.71468409765804,1.71725840607327,1.71983699046107,1.72241930350984,1.72500483256487,1.72759310185361,1.73018367414382,1.73277615182956,1.73537017744826,1.73796543364018,1.74056164256952,1.74315856483423,1.74575599789835,1.74835377408724,1.75095175819171,1.75354984473191,1.75614795493574,1.75874603348947,1.76134404512027,1.76394197107128,1.76653980552946,1.76913755206547,1.77173522014269,1.77433282174888,1.77693036820035,1.77952786716345,1.78212531993238,1.78472271899648,1.78732004592324,1.78991726957654,1.79251434468207,1.79511121074532,1.79770779131974,1.80030399361656,1.80289970844073,1.80549481043213,1.80808915858563,1.81068259701949,1.81327495595804,1.81586605289233,1.81845569388112,1.8210436749544,1.8236297835831,1.82621380018054,1.82879549960479,1.83137465263563,1.83395102740494,1.83652439076524,1.83909450958786,1.84166115198835,1.84422408848367,1.84678309309141,1.84933794438731,1.85188842654144,1.85443433035733,1.85697545434066,1.85951160582477,1.86204260218024,1.86456827213377,1.86708845721878,1.8696030133757,1.87211181271517,1.87461474545127,1.8771117220059,1.87960267527877,1.88208756307116,1.88456637064569,1.88703911339843,1.88950583961515,1.89196663327926,1.89442161689562,1.89687095429227,1.89931485336,1.90175356868887,1.90418740405992,1.90661671474938,1.90904190960201,1.91146345282815,1.91388186547636,1.91629772652867,1.91871167355876,1.92112440288296,1.92353666912017,1.92594928405791,1.92836311469698,1.93077908031449,1.93319814834415,1.93562132881956,1.9380496670598,1.94048423419254,1.94292611500451,1.9453763924766,1.94783612819464,1.95030633761805,1.95278795892622,1.95528181383232,1.95778855833861,1.96030862088406,1.96284212467568,1.96538879016565,1.96794781259465,1.9705177082203,1.9730961212327,1.97567958137461,1.97826319989296,1.98084028865252,1.98340188414861,1.98593615507746,1.9884276698064,1.99085650010446,1.99319714298598,1.99541725948734,1.99747626867544,1.99932391649106,2.00089909351143,2.00212944754352,2.00293276889709,2.0032216967901,2.00291373319416,2.00194795475862,2.00030646928319
1.61684642253061,1.619964317962,1.62304040023019,1.6261136678584,1.62918417445812,1.6322519592717,1.6353170491183,1.63837945908511,1.64143919330006,1.64449624577983,1.64755060134735,1.65060223661241,1.65365112100851,1.65669721787809,1.65974048559694,1.66278087872692,1.66581834918466,1.66885284741178,1.67188432353093,1.67491272847006,1.67793801503627,1.68096013891986,1.68397905960883,1.6869947411943,1.69000715304802,1.69301627035495,1.69602207448536,1.69902455319379,1.70202370063508,1.7050195171912,1.70801200910611,1.71100118792996,1.71398706977803,1.71696967441345,1.7199490241669,1.72292514270997,1.72589805370191,1.72886777933265,1.7318343387868,1.73479774665554,1.73775801132393,1.74071513336192,1.74366910394709,1.74661990334638,1.74956749948274,1.7525118466106,1.75545288412217,1.75839053550347,1.76132470745624,1.76425528919894,1.76718215195638,1.77010514864463,1.7730241137545,1.77593886343358,1.7788491957643,1.78175489123202,1.7846557133755,1.78755140960897,1.79044171220386,1.79332633941625,1.79620499674493,1.79907737830439,1.80194316829643,1.80480204256437,1.80765367021405,1.81049771528695,1.81333383847191,1.81616169884357,1.81898095561757,1.82179126991468,1.82459230652809,1.82738373569064,1.83016523484064,1.8329364903872,1.8356971994777,1.83844707177152,1.84118583122545,1.84391321789691,1.84662898977152,1.84933292462178,1.85202482190317,1.85470450469344,1.85737182168022,1.86002664920061,1.86266889333576,1.86529849206196,1.8679154174584,1.870519677971,1.87311132073028,1.87569043392084,1.87825714919889,1.8808116441545,1.88335414481471,1.88588492818418,1.88840432482021,1.89091272143994,1.89341056355782,1.89589835815265,1.89837667636324,1.90084615621248,1.90330750535823,1.90576150386815,1.90820900701206,1.91065094806001,1.91308834106676,1.91552228361151,1.91795395944608,1.92038464098309,1.92281569152649,1.92524856710828,1.9276848177436,1.9301260878493,1.93257411548225,1.93503072993728,1.93749784709172,1.93997746168286,1.94247163544047,1.94498247964823,1.94751213024844,1.95006271299685,1.95263629536933,1.9552348208552,1.95786001985586,1.96051328953028,1.96319553244358,1.96590694060086,1.96864670716789,1.97141264266311,1.97420066546251,1.97700412808818,1.97981293145233,1.98261237067331,1.98538165245812,1.98809203463148,1.99070458210685,1.99316764616325,1.99541441628308,1.99736135330636,1.99890906573734,1.99994814290423,2.00037290418462,2.00010403469988
1.59993078772895,1.60323587063207,1.60649864253114,1.60976026759143,1.6130206452432,1.61627966463103,1.61953720657,1.62279314410092,1.62604734306315,1.62929966268132,1.63254995616235,1.63579807129981,1.63904385108294,1.64228713430744,1.64552775618546,1.64876554895155,1.65200034246138,1.65523196477929,1.6584602427507,1.6616850025548,1.66490607023281,1.66812327218699,1.67133643564585,1.67454538909082,1.67774996264065,1.68094998839013,1.68414530070059,1.68733573644059,1.69052113517624,1.69370133931154,1.69687619418022,1.70004554809127,1.70320925233142,1.7063671611281,1.70951913157696,1.71266502353814,1.7158046995052,1.71893802445062,1.72206486565081,1.72518509249309,1.72829857626619,1.73140518993489,1.73450480789848,1.73759730573205,1.74068255990873,1.74376044750078,1.7468308458572,1.74989363225566,1.75294868352693,1.75599587565102,1.75903508332504,1.76206617950423,1.76508903491916,1.76810351757328,1.77110949222722,1.77410681987698,1.77709535723497,1.78007495622381,1.78304546349359,1.78600671997399,1.78895856047273,1.79190081333214,1.79483330015517,1.79775583561193,1.80066822733743,1.80357027593029,1.80646177506215,1.80934251170623,1.81221226649344,1.81507081420354,1.81791792439823,1.82075336220266,1.82357688924068,1.82638826472876,1.82918724673214,1.83197359358591,1.83474706548213,1.83750742622297,1.84025444513764,1.84298789915992,1.84570757506051,1.84841327182737,1.85110480318502,1.85378200024264,1.85644471425929,1.85909281951392,1.86172621626696,1.86434483380038,1.86694863352349,1.86953761213229,1.87211180481213,1.87467128847468,1.87721618502335,1.87974666464372,1.88226294911931,1.88476531517689,1.88725409786943,1.88972969400986,1.89219256567308,1.8946432437886,1.897082331851,1.89951050977966,1.90192853796358,1.9043372615302,1.9067376148795,1.90913062652622,1.91151742429117,1.91389924088025,1.91627741988192,1.91865342220261,1.92102883294117,1.92340536867624,1.92578488510107,1.92816938488433,1.93056102555619,1.93296212710793,1.93537517883857,1.93780284476591,1.94024796661905,1.94271356301103,1.94520282280839,1.94771908990279,1.95026583545944,1.95284661213843,1.9554649825827,1.9581244113951,1.96082810555238,1.96357878228718,1.96637833535041,1.96922735960876,1.97212447955956,1.97506540944721,1.97804165257193,1.98103872999553,1.98403382699811,1.98699278811893,1.98986653609866,1.9925873382819,1.99506604172788,1.99719255185764,1.99884314575444,1.99989813338565
1.59659164996205,1.59995360180165,1.60326705635495,1.60657402084529,1.6098745119541,1.6131685541149,1.61645618070514,1.61973743367917,1.62301236309668,1.62628102655612,1.62954348854425,1.63279981971436,1.63605009610614,1.63929439832075,1.64253281066428,1.64576542027212,1.64899231622587,1.65221358867305,1.65542932795814,1.65863962377232,1.66184456432698,1.66504423555495,1.66823872034167,1.67142809778728,1.67461244249972,1.67779182391803,1.68096630566463,1.68413594492538,1.68730079185598,1.6904608890141,1.69361627081648,1.69676696302133,1.69991298223695,1.70305433545775,1.70619101962982,1.70932302124842,1.71245031598987,1.71557286838069,1.71869063150636,1.72180354676178,1.72491154364516,1.72801453959584,1.73111243987634,1.73420513749749,1.73729251318509,1.74037443538533,1.7434507603061,1.74652133199024,1.74958598241735,1.7526445316301,1.75569678788202,1.75874254780385,1.76178159658688,1.76481370818226,1.76783864551697,1.77085616072795,1.7738659954175,1.77686788093397,1.77986153868304,1.78284668047562,1.78582300891914,1.78879021785951,1.79174799288117,1.79469601187267,1.79763394566504,1.80056145874979,1.80347821008274,1.80638385397923,1.80927804110535,1.81216041956882,1.81503063611215,1.81788833740943,1.82073317146708,1.82356478912731,1.82638284567212,1.8291870025242,1.83197692903983,1.83475230438809,1.83751281950942,1.84025817914597,1.84298810393558,1.84570233256112,1.84840062394653,1.85108275949177,1.85374854533888,1.85639781466265,1.85903042998048,1.86164628547721,1.86424530934268,1.86682746612155,1.86939275907713,1.87194123257333,1.8744729744816,1.87698811862268,1.87948684725625,1.88196939363515,1.88443604464488,1.88688714355361,1.88932309290225,1.89174435757018,1.89415146805708,1.8965450240282,1.8989256981766,1.90129424046311,1.90365148280228,1.90599834427046,1.90833583692019,1.91066507229325,1.91298726873307,1.91530375960408,1.91761600253242,1.91992558978599,1.92223425991234,1.92454391074718,1.92685661389164,1.92917463072725,1.9315004299878,1.93383670682539,1.93618640317922,1.93855272905738,1.94093918404152,1.94334957787252,1.94578804830231,1.94825907339794,1.95076747400518,1.9533183998973,1.95591728992073,1.95856979173104,1.96128161981689,1.96405832050798,1.9669048983513,1.96982523821498,1.97282123055896,1.97589147368512,1.97902939086048,1.98222057677248,1.98543921408051,1.9886435579554,1.99177093052217,1.99473364361347,1.99741894464464,1.99969771480454
1.59377487332044,1.59714160995976,1.60046362427678,1.60378284281099,1.60709915819918,1.61041246308263,1.6137226517915,1.61702962050901,1.62033326736609,1.6236334924685,1.62693019785992,1.63022328742565,1.63351266674208,1.63679824287788,1.64007992415339,1.64335761986446,1.64663123997731,1.64990069480055,1.65316589464051,1.65642674944533,1.65968316844326,1.66293505978004,1.66618233016015,1.66942488449638,1.67266262557208,1.67589545372043,1.679123266525,1.68234595854592,1.68556342107586,1.6887755419302,1.69198220527525,1.69518329149841,1.69837867712346,1.70156823477353,1.70475183318353,1.70792933726236,1.71110060820432,1.71426550364723,1.71742387787332,1.72057558204728,1.72372046448387,1.72685837093614,1.7299891448938,1.73311262787996,1.73622865973381,1.73933707886635,1.74243772247643,1.74553042671496,1.7486150267864,1.75169135697824,1.75475925061146,1.75781853990739,1.76086905576939,1.76391062748068,1.76694308232288,1.76996624512269,1.77297993773718,1.77598397849058,1.77897818157778,1.78196235645143,1.78493630721087,1.78789983201205,1.79085272251784,1.79379476340817,1.79672573196898,1.79964539777819,1.80255352250583,1.80544985984404,1.80833415558131,1.81120614783332,1.81406556744121,1.81691213854557,1.81974557934283,1.82256560302796,1.82537191892528,1.82816423380672,1.83094225339405,1.83370568403986,1.83645423457874,1.83918761833876,1.84190555530079,1.84460777439154,1.84729401589499,1.8499640339655,1.85261759922586,1.85525450143275,1.85787455219314,1.86047758771571,1.86306347158283,1.86563209753076,1.8681833922282,1.87071731804606,1.87323387581515,1.87573310757219,1.87821509929923,1.88067998366629,1.88312794279274,1.88555921104871,1.8879740779244,1.89037289100221,1.8927560590743,1.89512405545645,1.89747742155825,1.89981677077956,1.90214279281409,1.90445625845318,1.90675802499606,1.90904904238821,1.91133036022595,1.91360313578453,1.91586864324826,1.91812828434465,1.92038360061119,1.92263628755186,1.92488821097138,1.92714142580632,1.9293981978027,1.93166102841489,1.93393268331467,1.93621622489266,1.93851504909116,1.94083292680141,1.94317404985181,1.94554308124302,1.94794520865501,1.95038619920812,1.9528724517697,1.95541104039208,1.9580097381811,1.96067700415836,1.96342190519412,1.96625392894951,1.96918261936348,1.97221693030772,1.9753641425281,1.9786281235267,1.98200663898072,1.98548738509413,1.98904251629677,1.99262197794625,1.99614744451173,1.99951131259203
1.5945059843513,1.59787951755693,1.6012045295401,1.6045231457767,1.60783535972656,1.61114117484683,1.61444060581305,1.61773367814955,1.6210204277286,1.6243009001484,1.62757515000162,1.63084324004792,1.63410524030466,1.63736122707049,1.64061128189706,1.64385549052304,1.64709394178462,1.65032672651518,1.65355393644584,1.65677566311708,1.65999199681036,1.66320302550695,1.66640883388023,1.66960950232611,1.6728051060357,1.67599571411297,1.67918138874016,1.68236218439289,1.6855381471068,1.68870931379775,1.69187571163718,1.69503735748474,1.69819425738013,1.70134640609595,1.70449378675365,1.70763637050395,1.71077411627283,1.71390697057369,1.71703486738513,1.72015772809304,1.72327546149453,1.72638796385998,1.72949511904828,1.73259679866928,1.73569286228633,1.73878315765099,1.74186752096172,1.74494577713765,1.74801774009929,1.75108321304805,1.75414198873785,1.75719384973295,1.76023856864808,1.76327590836849,1.7663056222498,1.76932745429921,1.7723411393422,1.77534640318011,1.77834296274637,1.7813305262703,1.78430879345859,1.78727745570568,1.79023619634463,1.79318469095031,1.79612260770662,1.79904960784909,1.80196534619335,1.80486947175896,1.80776162849702,1.81064145612837,1.81350859109757,1.81636266764608,1.81920331900628,1.82203017871578,1.82484288204953,1.8276410675654,1.83042437875677,1.83319246580398,1.83594498741504,1.83868161274456,1.84140202337881,1.84410591537443,1.84679300133781,1.84946301253229,1.85211570100104,1.85475084169422,1.85736823459026,1.85996770680276,1.8625491146663,1.86511234579677,1.86765732112402,1.8701839968975,1.87269236666834,1.8751824632547,1.87765436070055,1.88010817624202,1.88254407229968,1.88496225851992,1.88736299389356,1.88974658898626,1.89211340832123,1.8944638729628,1.89679846335742,1.89911772249872,1.90142225949381,1.90371275362147,1.90598995898703,1.90825470989684,1.91050792709513,1.91275062503067,1.91498392034938,1.91720904184335,1.919427342128,1.92164031136826,1.92384959343404,1.92605700493548,1.92826455767356,1.93047448514172,1.93268927383275,1.93491170024376,1.93714487463077,1.93939229274206,1.94165789694911,1.94394614838124,1.94626211182396,1.94861155520429,1.95100106535372,1.95343818121989,1.95593154446027,1.958491064806,1.96112809272047,1.96385558294241,1.96668821652404,1.96964242094443,1.97273617960786,1.97598844079569,1.97941780482579,1.9830399750221,1.98686324473829,1.99088130795393,1.99506365122905,1.99934671203765
1.59325431160665,1.59662552595906,1.59995148702983,1.60327418140244,1.60659350497339,1.60990935570072,1.61322163524933,1.61653024909808,1.61983510656185,1.62313612073175,1.6264332083378,1.62972628953989,1.63301528765339,1.63630012881654,1.63958074160736,1.64285705661767,1.64612900599197,1.64939652293887,1.65265954122225,1.65591799463919,1.65917181649133,1.66242093905584,1.66566529306207,1.66890480717968,1.67213940752374,1.67536901718247,1.67859355577292,1.68181293903008,1.68502707843473,1.68823588088524,1.69143924841819,1.69463707798244,1.6978292612706,1.70101568461094,1.70419622892199,1.70737076973061,1.71053917725277,1.713701316535,1.71685704765199,1.72000622595456,1.72314870235997,1.72628432367469,1.72941293293848,1.73253436977687,1.73564847074837,1.73875506967232,1.74185399792306,1.74494508467676,1.74802815709848,1.75110304045846,1.75416955816901,1.75722753173591,1.76027678062115,1.76331712201699,1.76634837053458,1.76937033781365,1.77238283206272,1.77538565754217,1.77837861400487,1.78136149611117,1.78433409283646,1.78729618689064,1.79024755416947,1.79318796325774,1.79611717500391,1.79903494218527,1.80194100928146,1.80483511237297,1.80771697917945,1.81058632925092,1.81344287432297,1.81628631884446,1.81911636068426,1.82193269202065,1.82473500041448,1.82752297006453,1.83029628324059,1.83305462188734,1.83579766938907,1.8385251124835,1.84123664331008,1.84393196157687,1.84661077682822,1.84927281079454,1.85191779980497,1.8545454972434,1.85715567602882,1.85974813110205,1.86232268190177,1.86487917481538,1.86741748559194,1.86993752170756,1.87243922467685,1.8749225723076,1.8773875809,1.87983430739629,1.88226285149154,1.88467335772199,1.88706601755274,1.88944107149386,1.89179881128038,1.89413958215994,1.89646378534066,1.8987718806615,1.90106438955891,1.90334189841666,1.90560506240073,1.90785460989954,1.91009134771116,1.91231616714522,1.91453005123922,1.91673408332754,1.91892945725014,1.92111748954739,1.92329963406277,1.92547749946844,1.92765287034764,1.92982773261667,1.93200430425885,1.9341850725834,1.93637283952864,1.93857077691954,1.94078249408697,1.94301212088887,1.94526440997229,1.94754486311408,1.94985988770205,1.95221699086392,1.95462502035061,1.95709446279796,1.95963781086269,1.96227000967367,1.96500898735928,1.96787625854016,1.97089755251064,1.97410333804367,1.97752895664296,1.98121378186484,1.98519836700313,1.98951811047323,1.99419236422021,1.99921067243858
1.59423572934564,1.59760723791457,1.60093056521504,1.60424780096471,1.60755892960865,1.61086394510043,1.6141628521682,1.61745566599091,1.62074241174288,1.62402312401603,1.62729784613128,1.63056662935165,1.63382953201101,1.63708661857299,1.64033795863435,1.64358362588748,1.6468236970555,1.650058250813,1.65328736670388,1.65651112406713,1.65972960097925,1.66294287322143,1.66615101327794,1.66935408937125,1.67255216453836,1.67574529575211,1.67893353309081,1.68211691895883,1.68529548736088,1.68846926323246,1.69163826182893,1.6948024881755,1.69796193658067,1.70111659021523,1.70426642075871,1.70741138811487,1.71055144019695,1.71368651278287,1.71681652943936,1.71994140151282,1.72306102818377,1.72617529658004,1.72928408194274,1.73238724783791,1.73548464640547,1.73857611863657,1.74166149466964,1.74474059409555,1.74781322626239,1.75087919057115,1.75393827675453,1.75699026513268,1.76003492684133,1.76307202402978,1.76610131002851,1.76912252948807,1.77213541849359,1.77513970466081,1.77813510722186,1.78112133711036,1.78409809705687,1.78706508170661,1.79002197777212,1.79296846423352,1.79590421259937,1.79882888724014,1.80174214580619,1.80464363974054,1.80753301489579,1.810409912263,1.81327396881851,1.81612481849264,1.81896209326275,1.82178542437007,1.8245944436585,1.82738878503067,1.83016808601466,1.83293198943297,1.83568014516311,1.83841221197804,1.84112785945301,1.84382676992492,1.84650864048933,1.84917318502037,1.85182013619921,1.85444924753691,1.85706029537919,1.8596530808813,1.86222743194337,1.86478320509822,1.86732028734606,1.86983859793259,1.87233809006993,1.87481875260253,1.87728061162346,1.87972373204964,1.88214821916872,1.88455422017396,1.88694192570846,1.88931157144484,1.89166343973256,1.89399786135125,1.89631521741621,1.89861594149057,1.90090052196903,1.90316950480978,1.90542349670575,1.90766316880327,1.90988926109788,1.91210258766253,1.91430404289623,1.91649460902178,1.91867536511254,1.92084749799381,1.92301231544792,1.92517126225974,1.92732593977885,1.92947812985613,1.93162982424866,1.93378326089934,1.93594096890788,1.9381058245548,1.94028112146461,1.94247065896038,1.9446788539514,1.94691088341411,1.94917286680822,1.95147210076472,1.95381736224489,1.95621930117053,1.95869094910177,1.96124837607368,1.96391153087824,1.96670529518369,1.96966075605421,1.97281662756634,1.97622057835404,1.97992986522768,1.98401005954037,1.98852991972569,1.99355044940111,1.99910870560311
1.59325911784622,1.59663284512438,1.59996095393306,1.60328546748825,1.60660628580963,1.60992331191569,1.61323645344331,1.61654562272345,1.61985073676746,1.62315171716776,1.62644848991766,1.6297409851564,1.63302913684643,1.63631288239035,1.63959216219557,1.64286691919471,1.64613709832978,1.64940264600799,1.65266350953667,1.65591963654452,1.65917097439589,1.66241746960448,1.66565906725256,1.66889571042159,1.6721273396398,1.67535389235236,1.67857530241964,1.68179149964907,1.68500240936595,1.68820795202861,1.69140804289304,1.69460259173162,1.69779150261032,1.70097467372767,1.70415199731806,1.70732335962047,1.71048864091254,1.71364771560789,1.71680045241318,1.71994671453913,1.72308635995819,1.72621924169925,1.72934520816876,1.73246410348543,1.73557576781551,1.73868003769427,1.74177674631988,1.74486572380576,1.74794679737899,1.75101979151359,1.75408452798976,1.7571408258725,1.76018850140621,1.76322736782446,1.7662572350779,1.76927790948591,1.77228919332104,1.77529088433786,1.7782827752603,1.78126465324369,1.78423629932917,1.78719748790932,1.79014798622438,1.79308755390864,1.79601594260628,1.79893289567524,1.80183814799673,1.80473142590642,1.80761244726213,1.81048092166044,1.81333655081309,1.81617902909127,1.81900804424376,1.82182327829219,1.82462440860397,1.82741110914061,1.83018305187659,1.83293990838086,1.83568135155087,1.83840705748608,1.84111670748615,1.84380999015687,1.84648660360544,1.84914625770569,1.85178867641311,1.85441360010936,1.85702078795655,1.85961002024184,1.86218110069468,1.86473385876058,1.86726815181714,1.86978386732104,1.8722809248773,1.87475927822545,1.87721891714111,1.87965986925486,1.88208220179545,1.88448602326843,1.88687148508662,1.88923878317465,1.8915881595756,1.89391990409476,1.89623435602317,1.89853190599211,1.90081299801984,1.90307813182359,1.90532786548365,1.90756281856366,1.90978367581163,1.91199119159253,1.91418619523593,1.91636959752348,1.91854239859469,1.9207056976183,1.92286070466588,1.92500875534168,1.92715132887698,1.92929007060076,1.93142681996958,1.9335636457013,1.93570289004274,1.93784722485538,1.93999972308726,1.94216395039902,1.94434408334029,1.94654506268475,1.94877279352886,1.95103440778695,1.9533386100618,1.9556961347812,1.95812035101446,1.96062806090799,1.96324054594548,1.96598491610215,1.96889579586245,1.97201730649888,1.97540511486521,1.9791279175669,1.98326702652031,1.98791185763197,1.99314898404253,1.99904490787234
1.59416408646359,1.59753246156432,1.60085300189668,1.60416775305136,1.6074766955866,1.61077981878776,1.61407712196054,1.61736861413837,1.62065431366042,1.62393424762942,1.62720845125996,1.63047696712989,1.63373984434804,1.63699713765259,1.6402489064542,1.64349521383809,1.64673612553851,1.64997170889854,1.65320203182646,1.65642716175953,1.659647164644,1.66286210393942,1.66607203965384,1.66927702741552,1.67247711758589,1.67567235441756,1.678862775261,1.68204840982262,1.6852292794772,1.68840539663719,1.69157676418145,1.69474337494579,1.69790521127768,1.70106224465734,1.70421443538672,1.70736173234793,1.71050407283141,1.71364138243371,1.71677357502335,1.7199005527723,1.72302220624909,1.72613841456849,1.72924904559094,1.73235395616429,1.73545299239887,1.73854598996632,1.74163277441234,1.74471316147314,1.74778695738579,1.75085395918372,1.75391395496919,1.75696672415668,1.76001203768261,1.76304965817904,1.76607934011112,1.76910082988057,1.77211386589948,1.77511817864089,1.77811349067489,1.78109951669998,1.78407596358136,1.78704253040862,1.78999890858568,1.79294478196651,1.79587982704972,1.79880371324492,1.80171610322286,1.80461665336034,1.80750501428977,1.81038083156144,1.81324374642511,1.81609339673534,1.81892941798323,1.82175144445464,1.82455911051306,1.82735205200295,1.83012990776701,1.83289232126881,1.83563894231039,1.83836942883257,1.84108344878435,1.84378068204682,1.8464608223961,1.84912357948978,1.85176868086129,1.85439587390697,1.85700492785191,1.85959563568125,1.86216781602555,1.86472131499044,1.86725600792273,1.86977180110746,1.87226863339286,1.87474647774265,1.87720534271837,1.87964527389712,1.8820663552339,1.8844687103814,1.88685250398399,1.88921794296789,1.89156527785397,1.89389480412625,1.89620686369548,1.89850184650554,1.90078019233942,1.90304239289318,1.90528899419968,1.90752059950112,1.90973787269011,1.9119415424659,1.91413240738617,1.9163113420382,1.91847930460949,1.92063734621147,1.92278662240555,1.92492840750744,1.92706411241297,1.92919530691155,1.93132374775012,1.93345141411031,1.93558055269817,1.93771373537263,1.93985393322285,1.94200461234205,1.94416985836265,1.94635453928538,1.94856451947467,1.95080694217112,1.95309060379282,1.95542645090102,1.95782823997491,1.96031341025907,1.96290422813651,1.96562926045545,1.96852520716216,1.97163903510495,1.97503013920106,1.97877181674597,1.98295060774137,1.98766123521895,1.99299494652676,1.99902184118064
1.59329452023593,1.59667184064898,1.60000318860732,1.60333063515557,1.60665408220417,1.60997343549328,1.61328860619371,1.61659951095965,1.61990607188953,1.62320821639891,1.62650587701062,1.6297989910684,1.63308750038132,1.63637135080666,1.63965049177941,1.64292487579663,1.64619445786472,1.6494591949176,1.65271904521326,1.65597396771596,1.65922392147056,1.66246886497568,1.66570875556133,1.66894354877712,1.67217319779633,1.67539765284162,1.67861686063769,1.68183076389632,1.68503930083944,1.6882424047653,1.6914400036633,1.69463201988202,1.69781836985514,1.70099896388874,1.70417370601294,1.70734249389922,1.71050521884376,1.71366176581531,1.71681201356439,1.71995583478865,1.72309309634749,1.72622365951718,1.72934738027579,1.73246410960624,1.73557369380438,1.73867597477844,1.74177079032609,1.74485797437571,1.7479373571794,1.75100876544657,1.75407202240941,1.75712694781326,1.76017335782846,1.76321106488258,1.76623987741547,1.76925959956273,1.77227003077572,1.77527096538974,1.77826219215363,1.78124349373677,1.78421464623047,1.78717541866225,1.79012557254186,1.79306486145819,1.79599303074586,1.79890981723964,1.80181494913389,1.8047081459626,1.80758911871432,1.81045757009415,1.81331319494286,1.81615568082108,1.81898470876391,1.82179995420857,1.82460108809544,1.82738777813955,1.83015969026724,1.83291649020979,1.8356578452433,1.83838342606173,1.84109290876787,1.84378597696501,1.84646232393107,1.84912165485538,1.85176368911812,1.85438816259214,1.85699482994727,1.85958346693802,1.86215387265689,1.86470587173701,1.86723931649022,1.86975408896889,1.8722501029426,1.87472730578423,1.87718568026324,1.87962524624775,1.88204606232152,1.88444822732612,1.88683188184386,1.88919720964226,1.89154443910731,1.89387384469892,1.89618574847024,1.89848052170101,1.90075858670547,1.90302041888768,1.90526654913214,1.90749756663542,1.90971412230811,1.91191693290416,1.91410678607241,1.91628454657126,1.91845116394908,1.920607682072,1.92275525098455,1.92489514172522,1.92702876489906,1.92915769404828,1.93128369517879,1.93340876422423,1.93553517479449,1.93766553931511,1.93980288768123,1.94195076891894,1.94411338318096,1.94629575385768,1.94850395284169,1.9507453962499,1.95302923336616,1.95536685825551,1.95777258102552,1.96026450260078,1.96286563921277,1.96560533143256,1.96852092790875,1.97165961782626,1.97508003384687,1.97885277928935,1.98305834357426,1.98778029340248,1.99309224223072,1.99904045877421
1.59413387407325,1.5974977921913,1.60081424488732,1.6041252206747,1.60743069973603,1.61073067010831,1.6140251289914,1.61731408247513,1.62059754513946,1.6238755395364,1.62714809556444,1.63041524974761,1.63367704443241,1.63693352691661,1.640184748524,1.64343076363924,1.64667162871615,1.64990740127217,1.65313813888071,1.65636389817166,1.65958473384948,1.66280069773658,1.66601183784893,1.66921819750946,1.67241981450404,1.67561672028399,1.67880893921866,1.68199648790086,1.68517937450816,1.68835759822223,1.69153114870906,1.69470000566193,1.69786413840952,1.70102350559095,1.70417805489907,1.70732772289312,1.71047243488064,1.71361210486811,1.71674663557825,1.71987591853101,1.72299983418377,1.72611825212504,1.7292310313146,1.73233802036178,1.73543905783266,1.73853397257637,1.74162258405982,1.74470470270089,1.74778013018981,1.75084865978983,1.75391007660918,1.75696415783814,1.76001067294676,1.7630493838412,1.76608004497853,1.76910240344278,1.77211619898657,1.77512116404555,1.77811702373428,1.78110349583413,1.78408029078503,1.78704711169389,1.79000365437318,1.79294960742336,1.79588465237285,1.79880846388862,1.80172071007015,1.80462105283794,1.80750914842694,1.81038464799366,1.81324719834368,1.81609644278488,1.81893202210924,1.82175357570404,1.82456074279095,1.82735316378937,1.83013048179789,1.83289234418563,1.83563840428354,1.8383683231633,1.84108177149072,1.84377843143877,1.84645799864508,1.84912018419779,1.85176471663446,1.85439134393813,1.85699983551656,1.85958998415075,1.86216160790117,1.86471455196147,1.86724869045161,1.86976392814461,1.87226020212399,1.87473748337132,1.87719577828686,1.87963513014952,1.88205562052601,1.8844573706436,1.88684054274518,1.88920534145094,1.89155201515689,1.89388085750715,1.89619220898541,1.89848645868009,1.90076404628929,1.90302546444497,1.90527126145309,1.90750204456634,1.90971848393269,1.91192131739464,1.914111356356,1.91628949298488,1.91845670908962,1.92061408709072,1.92276282362483,1.92490424646256,1.92703983561204,1.92917124972915,1.93130035927945,1.93342928832392,1.93556046735928,1.93769670037843,1.939841250279,1.94199794800826,1.94417133247088,1.94636683033751,1.94859098756838,1.95085176775947,1.9531589362687,1.95552455311955,1.95796360087095,1.96049477348779,1.96314144326488,1.96593279374431,1.96890503552463,1.97210247089485,1.97557788824257,1.97939130881053,1.98360557278082,1.98827714178058,1.99344194432715,1.99910007285667
1.59330719726102,1.59669009385883,1.60002662101437,1.60335891869636,1.60668688705592,1.61001043101467,1.61332946185717,1.61664389727043,1.61995366128944,1.62325868415271,1.6265589020733,1.62985425693158,1.6331446958971,1.63643017098741,1.6397106385717,1.64298605882784,1.6462563951605,1.64952161358841,1.65278168210817,1.6560365700416,1.65928624737323,1.66253068408434,1.66576984948927,1.66900371157981,1.67223223638324,1.6754553873394,1.67867312470242,1.68188540497255,1.68509218036362,1.68829339831177,1.69148900103077,1.69467892511908,1.69786310122348,1.7010414537632,1.70421390071778,1.70738035348074,1.71054071677963,1.7136948886617,1.71684276054245,1.7199842173125,1.72311913749662,1.72624739345637,1.72936885162674,1.73248337277513,1.73559081227039,1.73869102034856,1.74178384236185,1.74486911899784,1.74794668645646,1.75101637657394,1.75407801688463,1.75713143061418,1.76017643659992,1.76321284913766,1.76624047775668,1.76925912692839,1.77226859571652,1.77526867737974,1.77825915894006,1.78123982073221,1.78421043595083,1.78717077021351,1.7901205811582,1.79305961809373,1.79598762172192,1.79890432394898,1.80180944780312,1.80470270747345,1.80758380848418,1.8104524480157,1.81330831538242,1.81615109267458,1.81898045556917,1.82179607431209,1.82459761487132,1.82738474025809,1.83015711201019,1.83291439182903,1.83565624335975,1.83838233410098,1.8410923374293,1.84378593472134,1.84646281755564,1.84912268997507,1.85176527079053,1.85439029590651,1.85699752064996,1.85958672208443,1.8621577012934,1.8647102856185,1.8672443308404,1.86975972329346,1.87225638190774,1.87473426017612,1.877193348048,1.87963367375536,1.88205530558211,1.88445835359309,1.88684297134476,1.88920935760696,1.89155775813236,1.8938884675189,1.89620183122084,1.8984982477755,1.90077817132655,1.90304211454107,1.9052906520379,1.90752442446841,1.90974414342117,1.91195059735882,1.91414465884178,1.91632729335153,1.91849957009933,1.92066267529894,1.9228179284993,1.92496680272202,1.92711094933825,1.92925222886077,1.93139274913339,1.93353491278951,1.93568147634482,1.93783562391111,1.94000105929537,1.94218212121064,1.94438392748867,1.94661255555119,1.948875267906,1.95118079291314,1.95353967209936,1.95596468498457,1.95847135887964,1.96107856077836,1.96380914433504,1.96669057425463,1.96975535157795,1.97304088470496,1.97658816268328,1.98043821486616,1.98462511133964,1.98916482857761,1.99404169587335,1.99919836403569
1.59414893742426,1.59750575640426,1.60081555476059,1.60412023589976,1.60741978462486,1.61071419251795,1.61400345925215,1.61728759232755,1.62056660668222,1.62384052418702,1.62710937303471,1.63037318703555,1.6336320048326,1.63688586905082,1.64013482539407,1.64337892170428,1.64661820699638,1.6498527304818,1.65308254059239,1.65630768401532,1.65952820474838,1.66274414318375,1.66595553522698,1.66916241145711,1.67236479633259,1.67556270744698,1.67875615483785,1.68194514035178,1.6851296570679,1.68830968878243,1.69148520955635,1.69465618332802,1.69782256359264,1.70098429314997,1.70414130392113,1.70729351683505,1.71044084178402,1.71358317764706,1.71672041237863,1.71985242315893,1.72297907660081,1.72610022900696,1.72921572666967,1.73232540620446,1.73542909490779,1.73852661112852,1.74161776464234,1.74470235701863,1.74778018196949,1.75085102567186,1.75391466705458,1.75697087804448,1.76001942376689,1.76306006269892,1.76609254677552,1.76911662145115,1.77213202572216,1.77513849211695,1.7781357466632,1.78112350884295,1.78410149154782,1.78706940104755,1.79002693698575,1.79297379241691,1.79590965389893,1.79883420165478,1.80174710981626,1.80464804676209,1.80753667556096,1.81041265452913,1.81327563791014,1.81612527668258,1.81896121949972,1.82178311376274,1.82459060682693,1.8273833473381,1.83016098669417,1.83292318062457,1.83566959087837,1.83839988700994,1.84111374824983,1.84381086544692,1.84649094306769,1.84915370123753,1.85179887780966,1.85442623044724,1.85703553870562,1.85962660610283,1.8621992621682,1.86475336446127,1.86728880055546,1.86980548998416,1.8723033861498,1.87478247820036,1.87724279288188,1.87968439637984,1.88210739616768,1.88451194288652,1.88689823228632,1.88926650726675,1.89161706006413,1.89395023464104,1.8962664293464,1.89856609992773,1.90084976299288,1.90311800003773,1.90537146217901,1.90761087575886,1.90983704902071,1.91205088009666,1.91425336659559,1.91644561714145,1.91862886528512,1.92080448630324,1.92297401750864,1.92513918283183,1.92730192259801,1.92946442962405,1.93162919299973,1.93379905120333,1.93597725653526,1.93816755323301,1.94037427204427,1.94260244445167,1.94485794009625,1.94714763110817,1.94947958678052,1.95186330086778,1.95430995095165,1.95683268334906,1.95944690538509,1.96217054506106,1.96502419866387,1.96803101763308,1.97121607012217,1.97460473396938,1.97821944578898,1.98207395370506,1.98616445110094,1.99045831753517,1.99488428748903,1.99933143529594
1.5932943205134,1.59668739593361,1.60003358737768,1.60337515356198,1.60671198526122,1.61004397932283,1.61337104027103,1.61669308035128,1.62001001947826,1.62332178509144,1.62662831192342,1.62992954168727,1.6332254226899,1.63651590937909,1.63980096183189,1.64308054519237,1.64635462906642,1.64962318688126,1.65288619521673,1.65614363311521,1.65939548137667,1.66264172184494,1.66588233669112,1.66911730769978,1.67234661556369,1.67557023919267,1.67878815504232,1.68200033646856,1.6852067531138,1.6884073703308,1.69160214865026,1.69479104329773,1.69797400376527,1.70115097344266,1.70432188931203,1.70748668170868,1.71064527414961,1.71379758322962,1.71694351858317,1.72008298290821,1.72321587204637,1.72634207511199,1.72946147466077,1.73257394688701,1.73567936183777,1.73877758363073,1.74186847066296,1.7449518757973,1.74802764651449,1.75109562501978,1.75415564829512,1.75720754809016,1.7602511508475,1.76328627756137,1.76631274357103,1.76933035829397,1.77233892490669,1.77533823998346,1.77832809310614,1.78130826646018,1.78427853443334,1.787238663235,1.79018841055459,1.79312752527771,1.79605574727842,1.79897280730536,1.80187842697842,1.8047723189113,1.80765418697346,1.81052372670328,1.81338062588196,1.81622456527534,1.81905521954847,1.82187225835513,1.82467534760176,1.82746415088291,1.83023833108227,1.83299755213128,1.83574148091487,1.83846978931153,1.84118215635367,1.84387827049252,1.84655783195088,1.84922055514673,1.85186617117057,1.85449443030003,1.85710510453638,1.85969799014892,1.86227291021568,1.8648297171514,1.8673682952166,1.86988856300568,1.87239047591574,1.87487402860264,1.87733925743634,1.87978624297288,1.8822151124675,1.88462604246051,1.88701926147563,1.88939505287994,1.89175375796503,1.89409577932045,1.89642158458444,1.89873171067197,1.90102676859812,1.90330744903513,1.90557452876577,1.90782887822299,1.91007147033907,1.91230339096501,1.91452585116627,1.91674020175242,1.91894795045939,1.9211507822722,1.92335058345589,1.92554946995107,1.92774982088708,1.92995431806764,1.93216599238216,1.93438827817927,1.93662507668493,1.93888082951883,1.94116060319777,1.94347018511503,1.94581619068714,1.94820617990415,1.95064877898288,1.9531537985251,1.95573233242243,1.9583968099649,1.96116095439618,1.96403957018986,1.96704803229696,1.97020127557745,1.97351197533849,1.97698747849421,1.98062494742601,1.98440430065381,1.98827929279444,1.99216905186366,1.99595551644719,1.99949391556641
-0.882212506439588,-0.881855808309764,-0.881512052523551,-0.881177793088721,-0.880853960106971,-0.880541353288111,-0.880240637009656,-0.879952337161472,-0.879676839667864,-0.879414390708275,-0.879165098633853,-0.878928937552296,-0.878705752529253,-0.878495266330148,-0.878297087603437,-0.878110720384774,-0.877935574781963,-0.877770978683365,-0.87761619031817,-0.877470411485175,-0.877332801258676,-0.877202489974776,-0.877078593299615,-0.876960226181996,-0.876846516497228,-0.876736618195646,-0.876629723778416,-0.87652507593499,-0.876421978189664,-0.876319804419842,-0.876218007125305,-0.876116124345545,-0.876013785141157,-0.875910713575602,-0.875806731154427,-0.875701757700871,-0.875595810669517,-0.875489002922436,-0.875381539015909,-0.875273710069338,-0.875165887311091,-0.875058514418934,-0.87495209879392,-0.874847201926669,-0.874744429032408,-0.874644418145865,-0.874547828878255,-0.87445533104569,-0.874367593380981,-0.874285272538331,-0.874209002592788,-0.874139385223764,-0.874076980753575,-0.874022300189629,-0.873975798391344,-0.873937868452636,-0.873908837357019,-0.873888962927531,-0.873878432057609,-0.873877360174156,-0.873885791850366,-0.873903702455341,-0.873931000700979,-0.873967531924857,-0.874013081931761,-0.874067381206838,-0.874130109310134,-0.874200899265808,-0.874279341769697,-0.874364989055129,-0.874457358279064,-0.874555934317561,-0.874660171890095,-0.874769496965686,-0.874883307438472,-0.87500097309496,-0.875121834928647,-0.875245203888452,-0.875370359174332,-0.875496546215418,-0.875622974482404,-0.875748815295893,-0.875873199795618,-0.875995217232189,-0.876113913733059,-0.876228291678855,-0.876337309805314,-0.876439884121407,-0.876534889706593,-0.876621163420857,-0.876697507531957,-0.87676269423576,-0.87681547101933,-0.876854566793338,-0.876878698701194,-0.87688657949739,-0.876876925377664,-0.876848464138066,-0.876799943539487,-0.876730139757213,-0.876637865802437,-0.876521979812204,-0.87638139311665,-0.876215078005811,-0.876022075132848,-0.87580150050475,-0.875552552025961,-0.875274515573412,-0.874966770593385,-0.874628795221738,-0.874260170937864,-0.873860586771303,-0.873429843086904,-0.872967854981004,-0.87247465532767,-0.871950397521742,-0.871395357974331,-0.870809938429451,-0.870194668189185,-0.869550206361893,-0.868877344291152,-0.868177008388476,-0.867450263698494,-0.866698318693113,-0.86592253206789,-0.865124422770989,-0.864305685261493,-0.863468213293389,-0.862614137728835,-0.861745887649163,-0.860866290408111,-0.859978736914067,-0.859087455623194,-0.8581979648033,-0.857317807148329,-0.856457701963133,-0.855633233492035,-0.854867014610504,-0.854190713683519,-0.853645249034722,-0.853276344959561,-0.853123529846428
-4.92198873087358e-16,-7.45699798154319e-16,-3.18263931755155e-16,-3.29366164151101e-16,-6.21724893330907e-16,-3.83026941753992e-16,-4.05231404010093e-16,-5.21804820468701e-16,-1.31376390582316e-16,-5.58812254971995e-16,-4.23735120493315e-16,-4.18184006112272e-16,-8.25265781464758e-16,-2.33146835228646e-16,-8.03061321218179e-16,-2.86807615913202e-16,-1.33226764174092e-16,-3.10862447714946e-16,-7.60502772857656e-16,-5.90268576354031e-16,-2.25745348911939e-16,-4.97749992828572e-16,-5.07001849927958e-16,-3.16413562503984e-16,-5.90268577441046e-16,-3.16413562189275e-16,-3.79326200140092e-16,-7.51250915873505e-16,-2.25745348284726e-16,5.181040494217e-17,-6.69834560819312e-16,3.33066889888469e-17,-1.96139403655284e-16,-9.12233253341169e-16,-4.7369515740259e-16,-5.81016717871272e-16,-6.49480471414943e-16,-4.25585493136322e-16,-7.75305747695125e-16,-4.47789954680952e-16,-2.29446092527714e-16,-5.68064115195909e-16,-1.40628250982067e-16,1.72084568552968e-16,-3.12712818430498e-16,-4.14483262759851e-16,-5.71764857115195e-16,-1.14723046293863e-16,-7.27196081714565e-16,-2.09092002874514e-16,-3.07161703330833e-16,-1.38777876998099e-16,-5.64363371539392e-16,-2.51650552774682e-16,-6.25425637832836e-16,5.181040721691e-17,-2.09092002096246e-16,-7.27196082522366e-16,-6.0692191984926e-16,-3.38618023204844e-16,-6.97590134501997e-16,-3.71924714571584e-16,-6.69834558649933e-16,-1.64683084357085e-16,6.6613380582857e-17,-4.99600363098507e-16,-1.11022303439539e-16,2.40548309492188e-17,-1.70234197875911e-16,-2.83106872309259e-16,-6.53181213216883e-16,-7.16093851133411e-16,-6.75385672515147e-16,-3.47869880206326e-16,-5.64363369037914e-16,-4.03381032406167e-16,-2.03540843402297e-17,-6.53181211769316e-16,-9.2703621986884e-16,-4.81096639362901e-16,-5.73615228215322e-16,-1.83186794868798e-16,-5.79166332077075e-16,-3.4786987260979e-16,-3.45825170879316e-16,-5.2365519328153e-16,-8.40421573420309e-16,-4.01530660572765e-16,-5.7176485768195e-16,-4.6074255521944e-16,-5.88418203051327e-16,-5.49560397189441e-16,-7.96026805200769e-16,-3.12020846363724e-16,-2.51650552248366e-16,-6.79086403309465e-16,-2.12792725239313e-16,-2.10942344448855e-16,-7.40148563040161e-17,-2.62752769505783e-16,-6.66133809425778e-16,-6.06921889129183e-16,-1.48029433104464e-17,-8.51170968226402e-16,-2.29446092529282e-16,-4.10782497613512e-16,-5.55111495989592e-16,2.29446105233101e-16,-3.33066820379685e-17,-6.29126369387991e-16,-1.14723040958479e-16,-2.96059471204992e-16,-4.81096620018207e-17,-5.18104075687036e-17,-7.21644968505075e-16,-9.73295522815427e-16,-4.29286238686906e-16,-5.40308552055342e-16,-2.10942384402687e-16,-3.18263950814316e-16,-4.1448327328177e-16,7.40146486420402e-18,-6.03221171796449e-16,-4.25585529078404e-16,-2.47949814681653e-16,-4.69994445905117e-16,-6.32827143795433e-16,-3.47869899653212e-16,-6.43929354282597e-16,-6.77236045021403e-16,-6.73535301605993e-16,-7.95659834314682e-16,1.62832710278288e-16,-1.40628249786167e-16,-7.40148683083867e-16,-3.33066907387733e-16,-6.32827124035106e-16,1.1102230246336e-16,-4.32986979596013e-16,-7.36447939621292e-16,-5.18104077725772e-16,-2.36847563575001e-16
1.06568265739248,1.06378469284887,1.06192853224033,1.06009169715303,1.05827534653197,1.0564804748708,1.05470790613029,1.05295829059051,1.05123210385622,1.04952964801797,1.04785105493991,1.04619629161375,1.04456516748886,1.04295734365936,1.04137234376307,1.03980956642345,1.03826829904527,1.03674773275778,1.03524697828601,1.03376508252133,1.03230104555714,1.0308538379536,1.02942241799729,1.02800574872649,1.0266028145011,1.02521263690681,1.0238342897956,1.02246691328021,1.02110972651617,1.01976203912301,1.01842326111568,1.01709291123734,1.01577062360623,1.01445615261164,1.01314937601795,1.0118502962596,1.0105590399362,1.00927585554258,1.00800110949604,1.00673528055048,1.00547895271384,1.00423280681254,1.00299761087163,1.00177420950273,1.00056351251291,0.999366482964008,0.998184124925198,0.997017471168592,0.99586757105981,0.994735478890743,0.99362224289085,0.992528895136138,0.991456442550835,0.990405859167835,0.989378079778811,0.988373995066803,0.987394448271918,0.986440233397807,0.985512094922556,0.9846107289354,0.983736785580373,0.982890872651864,0.982073560155873,0.981285385625528,0.980526859961129,0.979798473554107,0.979100702451055,0.978434014318521,0.977798873981537,0.977195748327835,0.976625110395294,0.97608744249116,0.975583238226557,0.975113003388101,0.974677255608215,0.974276522835538,0.973911340645532,0.973582248467337,0.973289784834913,0.97303448179725,0.972816858643366,0.972637415112076,0.972496624263488,0.97239492518955,0.972332715734242,0.972310345381337,0.972328108449612,0.972386237713137,0.972484898539182,0.972624183609281,0.972804108262002,0.9730246064697,0.973285527437301,0.973586632789997,0.973927594299229,0.974307992082599,0.97472731320429,0.975184950597174,0.975680202226593,0.976212270417371,0.976780261270543,0.977383184102207,0.978019950844797,0.97868937535857,0.979390172608649,0.98012095766888,0.980880244518485,0.981666444599529,0.9824778651026,0.983312706945037,0.98416906239886,0.985044912315733,0.98593812288246,0.986846441822816,0.987767493939809,0.988698775866789,0.989637649864401,0.990581336464805,0.991526905723125,0.992471266788348,0.993411155454873,0.994343119301364,0.995263499975662,0.996168412154818,0.997053718731559,0.99791500190915,0.998747530239882,0.999546222432404,1.00030561036513,1.001019806888,1.00168248990235,1.00228692495651,1.00282606737768,1.00329281592549,1.00368053595912,1.00398402459868,1.00420111527008,1.00433500161564,1.00439687564344,1.00440740748034,1.00439435652391,1.00438416036248
